id,title,path,hosted,layout,type
7168,Learning Plan and Updated Problem Frame Canvas Walkthrough,course1/sprints/sprint-17/learning-plan-and-updated-problem-frame-canvas-walkthrough.md,course1/assignments/learning-plan-and-updated-problem-frame-canvas-walkthrough.html,walkthrough,assignment
7167,Name the Gap Canvas Walkthrough,course1/sprints/sprint-17/name-the-gap-canvas-walkthrough.md,course1/assignments/name-the-gap-canvas-walkthrough.html,walkthrough,assignment
7148,AI Feedback: What Changed and Try It,course1/sprints/sprint-13/ai-feedback-check.md,course1/assignments/ai-feedback-check.html,ai_activity,assignment
7149,Brainstorm your list,course1/sprints/sprint-14/brainstorm-your-list.md,course1/assignments/brainstorm-your-list.html,reading,assignment
7185,Brainstorm your list Canvas Walkthrough,course1/sprints/sprint-14/brainstorm-your-list-walk-through.md,course1/assignments/brainstorm-your-list-walk-through.html,interleaved,assignment
7150,"Dojo Lab: test, widen, choose",course1/sprints/sprint-14/dojo-lab-test-widen-choose.md,course1/assignments/dojo-lab-test-widen-choose.html,guided_assignment,assignment
7184,First frames Canvas Walkthrough,course1/sprints/sprint-14/first-frames-walk-through.md,course1/assignments/first-frames-walk-through.html,walkthrough,assignment
7183,Get underneath three to five Canvas Walkthrough,course1/sprints/sprint-14/get-underneath-three-to-five-walk-through.md,course1/assignments/get-underneath-three-to-five-walk-through.html,walkthrough,assignment
3623,Introduction: Find the Problem Worth Solving,course1/sprints/sprint-14/introduction-find-the-problem-worth-solving.md,course1/activities/introduction-find-the-problem-worth-solving.html,reading,page
7153,Problem Frame,course1/sprints/sprint-14/problem-frame.md,course1/assignments/problem-frame.html,reading,assignment
7154,Sprint 1 Concept check,course1/sprints/sprint-14/sprint-1-concept-check.md,course1/assignments/sprint-1-concept-check.html,reading,assignment
7155,Sprint 1 Reflection,course1/sprints/sprint-14/sprint-1-reflection-what-changed-v54.md,course1/assignments/sprint-1-reflection-what-changed-v54.html,canvas_native,assignment
7156,Dojo Lab: Test Your Stakeholder Map,course1/sprints/sprint-15/dojo-lab-test-widen-choose-v3.md,course1/assignments/dojo-lab-test-widen-choose-v3.html,guided_assignment,assignment
3625,Introduction: Integrate People and Context,course1/sprints/sprint-15/introduction-integrate-people-and-context-v3.md,course1/activities/introduction-integrate-people-and-context-v3.html,reading,page
7180,Sprint 3 Concept Check,course1/sprints/sprint-15/sprint-3-concept-check-v4.md,course1/assignments/sprint-3-concept-check-v4.html,reading,assignment
7157,Sprint 3 Reflection,course1/sprints/sprint-15/sprint-3-reflection-and-mid-course-problem-frame-revision-v3.md,course1/assignments/sprint-3-reflection-and-mid-course-problem-frame-revision-v3.html,canvas_native,assignment
7178,Dig into your assumptions Canvas Walkthrough,course1/sprints/sprint-16/dig-into-your-assumptions-walk-through.md,course1/assignments/dig-into-your-assumptions-walk-through.html,walkthrough,assignment
7170,Dojo Lab: explore what already exists,course1/sprints/sprint-16/dojo-lab-explore-what-already-exists.md,course1/assignments/dojo-lab-explore-what-already-exists.html,guided_assignment,assignment
7171,Dojo Lab: test your assumptions,course1/sprints/sprint-16/dojo-lab-test-your-assumptions.md,course1/assignments/dojo-lab-test-your-assumptions.html,guided_assignment,assignment
3626,Introduction: Is This Problem Worth Pursuing?,course1/sprints/sprint-16/introduction-is-this-problem-worth-pursuing.md,course1/activities/introduction-is-this-problem-worth-pursuing.html,reading,page
7172,Problem Frame: taking stock of where you are,course1/sprints/sprint-16/problem-frame-is-it-worth-pursuing.md,course1/assignments/problem-frame-is-it-worth-pursuing.html,reading,assignment
7173,Sprint 2 Reflection,course1/sprints/sprint-16/sprint-2-reflection-what-the-world-said-back.md,course1/assignments/sprint-2-reflection-what-the-world-said-back.html,canvas_native,assignment
7174,Sprint 2 Concept check,course1/sprints/sprint-16/sprint-2-self-check.md,course1/assignments/sprint-2-self-check.html,reading,assignment
7175,"What exists, and what it means",course1/sprints/sprint-16/what-exists-and-what-it-means.md,course1/assignments/what-exists-and-what-it-means.html,reading,assignment
7179,What solutions already exist Canvas Walkthrough,course1/sprints/sprint-16/what-solutions-already-exist-walk-through.md,course1/assignments/what-solutions-already-exist-walk-through.html,walkthrough,assignment
7177,Your updated assumptions,course1/sprints/sprint-16/which-assumptions.md,course1/assignments/which-assumptions.html,reading,assignment
7181,Sprint 4 Concept Check,course1/sprints/sprint-8/sprint-4-concept-check-v4.md,course1/assignments/sprint-4-concept-check-v4.html,reading,assignment
7161,Sprint 4 Reflection,course1/sprints/sprint-8/sprint-4-reflection-what-changed-v3.md,course1/assignments/sprint-4-reflection-what-changed-v3.html,canvas_native,assignment
7132,Dojo Lab: Design the Learning Plan,course1/sprints/sprint-8/dojo-lab-design-the-learning-path-v3.md,course1/assignments/dojo-lab-design-the-learning-path-v3.html,guided_assignment,assignment
3614,Introduction: Close the Learning Gap,course1/sprints/sprint-8/introduction-close-the-learning-gap-v3.md,course1/activities/introduction-close-the-learning-gap-v3.html,reading,page
3615,Introduction: Synthesize and Show Readiness,course1/sprints/sprint-9/introduction-synthesize-and-show-readiness-v2.md,course1/activities/introduction-synthesize-and-show-readiness-v2.html,standard,page
3608,Help and Resources,course1/sprints/sprint-6/help-and-resources-v2.md,course1/activities/help-and-resources-v2.html,reading,page
3609,How This Course Works,course1/sprints/sprint-6/how-this-course-works-v2.md,course1/activities/how-this-course-works-v2.html,reading,page
1533,Introduction Post,course1/sprints/sprint-6/introduction-post-v2.md,course1/activities/introduction-post-v2.html,reading,discussion
3622,Set up your AI Dojo,course1/sprints/sprint-6/set-up-your-ai-dojo-v2.md,course1/activities/set-up-your-ai-dojo-v2.html,reading,page
3610,Start Here,course1/sprints/sprint-6/start-here-v2.md,course1/activities/start-here-v2.html,reading,page
3611,Welcome,course1/sprints/sprint-6/welcome-v2.md,course1/activities/welcome-v2.html,reading,page
3612,Your First Week,course1/sprints/sprint-6/your-first-week-v2.md,course1/activities/your-first-week-v2.html,reading,page
7166,Stakeholder Conversation Canvas Walkthrough,course1/sprints/sprint-16/stakeholder-conversation-canvas-walkthrough.md,course1/assignments/stakeholder-conversation-canvas-walkthrough.html,walkthrough,assignment
7165,Stakeholder Map Canvas Walkthrough,course1/sprints/sprint-16/stakeholder-map-canvas-walkthrough.md,course1/assignments/stakeholder-map-canvas-walkthrough.html,walkthrough,assignment
